episode_number,game_number,rank_after,rank_letter,result,rank_change,level_rating,vs_level,level_style
1,1,50,D,Win,50,Boo,No,SMB3
1,2,152,D,Win,102,Boo,No,SM3DW
1,3,151,D,Loss,-1,Like,No,SM3DW
1,4,303,D,Win,152,Like,No,NSMBU
1,5,449,D,Win,146,Meh,No,SMB1
1,6,448,D,Loss,-1,Meh,No,SM3DW
1,7,590,D,Win,142,Like,Yes,SM3DW
1,8,731,D,Win,141,Like,Yes,SM3DW
1,9,725,D,Loss,-6,Boo,No,NSMBU
1,10,725,D,Loss,0,Boo,No,SM3DW
1,11,720,D,Loss,-5,Like,No,NSMBU
1,12,716,D,Loss,-4,Meh,No,SMB1
1,13,815,D,Win,99,Meh,No,SM3DW
1,14,859,D,Win,44,Like,No,SMB3
1,15,853,D,Loss,-6,Like,No,SM3DW
1,16,987,D,Win,134,None,No,SMB1
1,17,1107,C,Win,120,Like,Yes,SMB1
2,18,1091,C,Loss,-16,Meh,No,NSMB
2,19,1206,C,Win,115,Meh,No,NSMBU
2,20,1194,C,Loss,-12,Boo,No,SM3DW
2,21,1179,C,Loss,-15,Like,No,NSMBU
2,22,1176,C,Loss,-3,Boo,No,SMB1
2,23,1163,C,Loss,-13,Boo,No,NSMBU
2,24,1289,C,Win,126,Boo,No,SM3DW
2,25,1276,C,Loss,-13,Meh,No,SMW
2,26,1276,C,Draw,0,Meh,No,SMB1
2,27,1261,C,Loss,-15,Like,No,SMW
2,28,1247,C,Loss,-14,Like,Yes,SMB3
2,29,1372,C,Win,125,Boo,No,SM3DW
2,30,1488,C,Win,116,Like,No,NSMBU
3,31,1472,C,Loss,-16,Boo,No,SMB
3,32,1456,C,Loss,-16,Like,No,SMW
3,33,1443,C,Loss,-13,Boo,No,SM3DW
3,34,1431,C,Loss,-12,Meh,No,SM3DW
3,35,1571,C,Win,140,Meh,No,NSMBU
3,36,1558,C,Loss,-13,Boo,No,SM3DW
3,37,1543,C,Loss,-15,Like,No,SM3DW
3,38,1650,C,Win,107,Boo,No,SMW
3,39,1764,C,Win,114,Boo,No,SM3DW
3,40,1761,C,Loss,-3,Boo,No,SM3DW
3,41,1746,C,Loss,-15,None,Yes,SMB3
3,42,1880,C,Win,134,Meh,No,SM3DW
3,43,1983,C,Win,103,Like,No,SM3DW
3,44,1968,C,Loss,-15,Like,No,SM3DW
3,45,1955,C,Loss,-13,Boo,Yes,NSMBU
3,46,2061,B,Win,106,Like,No,SMW
4,47,2040,B,Loss,-21,Like,No,SM
4,48,2106,B,Win,66,Meh,No,SMB1
4,49,2171,B,Win,65,Like,No,NSMBU
4,50,2151,B,Loss,-20,Boo,No,SM3DW
4,51,2203,B,Win,52,Like,No,NSMBU
4,52,2187,B,Loss,-18,Like,No,NSMBU
4,53,2169,B,Loss,-18,Boo,No,SMB1
4,54,2232,B,Win,63,Like,No,SMB1
4,55,2294,B,Win,62,Like,No,SM3DW
4,56,2279,B,Loss,-15,Boo,No,SMW
4,57,2264,B,Loss,-15,None,No,NSMBU
4,58,2261,B,Loss,-3,Meh,No,SM3DW
4,59,2244,B,Loss,-17,Boo,No,SMB1
4,60,2228,B,Loss,-16,Meh,No,SMB3
4,61,2211,B,Loss,-17,Meh,No,SM3DW
4,62,2268,B,Win,57,Like,Yes,NSMBU
4,63,2265,B,Loss,-3,Boo,No,SM3DW
4,64,2330,B,Win,65,None,No,NSMBU
5,65,2310,B,Loss,-20,Unknown,Unknown,Unknown
5,66,2296,B,Loss,-14,None,No,SMB1
5,67,2283,B,Loss,-13,None,No,SMB3
5,68,2269,B,Loss,-14,Like,No,SMW
5,69,2334,B,Win,65,None,No,SM3DW
5,70,2394,B,Win,60,Like,No,SMW
5,71,2376,B,Loss,-18,Like,No,SMW
5,72,2359,B,Loss,-17,Boo,No,SMB1
5,73,2428,B,Win,69,Boo,No,SMB1
5,74,2424,B,Loss,-4,Boo,No,SMB1
5,75,2405,B,Loss,-19,None,No,SM3DW
5,76,2464,B,Win,59,None,No,NSMBU
5,77,2445,B,Loss,-19,Like,No,SMB3
5,78,2430,B,Loss,-15,None,No,SMB1
5,79,2480,B,Win,50,Meh,No,SM3DW
5,80,2550,B,Win,70,Like,No,SMB3
5,81,2531,B,Loss,-19,Boo,No,SMW
5,82,2514,B,Loss,-17,Boo,No,SM3DW
5,83,2510,B,Loss,-4,Meh,No,SM3DW
5,84,2507,B,Loss,-3,Boo,No,SM3DW
5,85,2488,B,Loss,-19,Boo,No,SMB3
5,86,2472,B,Loss,-16,Boo,No,SMW
5,87,2458,B,Loss,-14,Meh,No,SMB1
5,88,2528,B,Win,70,Boo,No,NSMBU
6,89,2509,B,Loss,-19,Like,No,SM
6,90,2490,B,Loss,-19,Boo,No,NSMBU
6,91,2488,B,Loss,-2,Boo,No,SM3DW
6,92,2468,B,Loss,-20,Like,No,SMB3
6,93,2447,B,Loss,-21,Meh,Yes,SMW
6,94,2429,B,Loss,-18,Like,No,NSMBU
6,95,2412,B,Loss,-17,Meh,No,SM3DW
6,96,2397,B,Loss,-15,Like,No,NSMBU
6,97,2455,B,Win,58,Boo,No,SMB1
6,98,2451,B,Loss,-4,Boo,No,NSMBU
6,99,2447,B,Loss,-4,Boo,No,SM3DW
6,100,2444,B,Loss,-3,Meh,No,SM3DW
6,101,2423,B,Loss,-21,Meh,No,SMW
6,102,2407,B,Loss,-16,Boo,No,SMB1
6,103,2472,B,Win,65,Meh,No,SM3DW
6,104,2472,B,Draw,0,Boo,No,SMB1
6,105,2452,B,Loss,-20,Boo,No,SM3DW
6,106,2509,B,Win,57,Like,Yes,NSMBU
6,107,2494,B,Loss,-15,None,No,SMW
7,108,2475,B,Loss,-19,Boo,No,NSMB
7,109,2472,B,Loss,-3,Meh,No,SM3DW
7,110,2455,B,Loss,-17,None,No,SM3DW
7,111,2452,B,Loss,-3,Boo,No,SMB1
7,112,2434,B,Loss,-18,Meh,No,SMB3
7,113,2420,B,Loss,-14,Like,Yes,SMB3
7,114,2406,B,Loss,-14,Meh,No,NSMBU
7,115,2391,B,Loss,-15,Meh,No,SMW
7,116,2369,B,Loss,-22,Boo,No,NSMBU
7,117,2367,B,Loss,-2,Meh,Yes,SM3DW
7,118,2351,B,Loss,-16,Meh,No,SMB1
7,119,2419,B,Win,68,Meh,No,SM3DW
7,120,2477,B,Win,58,Like,No,SMB3
7,121,2463,B,Loss,-14,Boo,No,SMB1
7,122,2528,B,Win,65,Like,No,SMB1
7,123,2510,B,Loss,-18,Boo,No,SM3DW
7,124,2507,B,Loss,-3,Boo,No,SM3DW
7,125,2568,B,Win,61,Like,No,SM3DW
8,126,2552,B,Loss,-16,Like,No,SMB
8,127,2548,B,Loss,-4,Boo,No,SMB1
8,128,2600,B,Win,52,Boo,No,SM3DW
8,129,2582,B,Loss,-18,Like,No,SM3DW
8,130,2582,B,Draw,0,Meh,No,NSMBU
8,131,2582,B,Draw,0,Like,No,SMB3
8,132,2567,B,Loss,-15,Meh,No,SM3DW
8,133,2634,B,Win,67,Like,No,SM3DW
8,134,2618,B,Loss,-16,Boo,Yes,SMW
8,135,2601,B,Loss,-17,Boo,No,SMB3
8,136,2587,B,Loss,-14,Meh,Yes,NSMBU
8,137,2567,B,Loss,-20,None,Yes,SMW
8,138,2552,B,Loss,-15,Boo,No,SM3DW
8,139,2534,B,Loss,-18,Meh,No,SM3DW
8,140,2587,B,Win,53,Like,No,SMB1
8,141,2571,B,Loss,-16,Meh,No,SMB1
8,142,2632,B,Win,61,Meh,No,SMW
8,143,2622,B,Loss,-10,Like,No,SMB1
9,144,2618,B,Loss,-4,Boo,No,SMB
9,145,2599,B,Loss,-19,Meh,No,NSMBU
9,146,2656,B,Win,57,Like,No,SMB1
9,147,2653,B,Loss,-3,Boo,No,NSMBU
9,148,2638,B,Loss,-15,Meh,No,SM3DW
9,149,2635,B,Loss,-3,Meh,No,NSMBU
9,150,2703,B,Win,68,Meh,No,NSMBU
9,151,2766,B,Win,63,Like,No,NSMBU
9,152,2817,B,Win,51,Like,No,SMW
9,153,2801,B,Loss,-16,Like,No,NSMBU
9,154,2862,B,Win,61,Meh,Yes,SM3DW
9,155,2845,B,Loss,-17,Meh,No,NSMBU
9,156,2827,B,Loss,-18,Meh,No,SMW
9,157,2812,B,Loss,-15,Boo,No,NSMBU
9,158,2881,B,Win,69,Like,No,SM3DW
10,159,2865,B,Loss,-16,Like,Yes,SM3D
10,160,2851,B,Loss,-14,Meh,Yes,SMW
10,161,2848,B,Loss,-3,Boo,No,SM3DW
10,162,2828,B,Loss,-20,Like,No,NSMBU
10,163,2825,B,Loss,-3,Meh,No,SM3DW
10,164,2811,B,Loss,-14,Meh,No,SM3DW
10,165,2873,B,Win,62,Like,No,NSMBU
10,166,2856,B,Loss,-17,Meh,No,SMW
10,167,2853,B,Loss,-3,Like,Yes,SMB1
10,168,2838,B,Loss,-15,Like,No,SMB1
10,169,2836,B,Loss,-2,Like,No,SMB1
10,170,2896,B,Win,60,Meh,No,NSMBU
10,171,2941,B,Win,45,Boo,Yes,SMW
10,172,2920,B,Loss,-21,Boo,No,NSMBU
10,173,2901,B,Loss,-19,Like,No,SMW
10,174,2898,B,Loss,-3,Meh,No,SM3DW
10,175,2967,B,Win,69,Meh,No,SMB3
10,176,2953,B,Loss,-14,Boo,No,NSMBU
10,177,2953,B,Draw,0,Meh,No,SMW
10,178,2933,B,Loss,-20,Meh,No,SMB3
10,179,2919,B,Loss,-14,Meh,No,NSMBU
10,180,2901,B,Loss,-18,None,No,SM3DW
10,181,2880,B,Loss,-21,Boo,Yes,NSMBU
10,182,2863,B,Loss,-17,Meh,No,NSMBU
10,183,2859,B,Loss,-4,Meh,No,SM3DW
10,184,2847,B,Loss,-12,Meh,No,SM3DW
10,185,2829,B,Loss,-18,Boo,No,SMB3
10,186,2825,B,Loss,-4,Boo,No,NSMBU
11,187,2897,B,Win,72,Boo,No,SMB
11,188,2893,B,Loss,-4,Boo,No,NSMBU
11,189,2876,B,Loss,-17,Boo,No,SMW
11,190,2859,B,Loss,-17,Boo,No,SM3DW
11,191,2919,B,Win,60,Boo,No,SM3DW
11,192,2977,B,Win,58,Like,No,SMW
11,193,2964,B,Loss,-13,Meh,No,NSMBU
11,194,2947,B,Loss,-17,Meh,No,NSMBU
11,195,2931,B,Loss,-16,Like,No,SMW
11,196,2996,B,Win,65,Like,Yes,SMB1
11,197,2996,B,Draw,0,Boo,No,SMB3
11,198,2980,B,Loss,-16,Like,No,SM3DW
11,199,3045,A,Win,65,Like,No,SMB1
12,200,3029,A,Loss,-16,Like,Yes,SM
12,201,3014,A,Loss,-15,Boo,No,SMW
12,202,3003,A,Loss,-11,Meh,No,NSMBU
12,203,2993,B,Loss,-10,None,Yes,SM3DW
12,204,2978,B,Loss,-15,Boo,No,SMB3
12,205,2962,B,Loss,-16,Boo,No,NSMBU
12,206,2947,B,Loss,-15,Boo,Yes,NSMBU
12,207,2943,B,Loss,-4,Boo,No,NSMBU
12,208,2929,B,Loss,-14,Boo,No,SMB1
12,209,2925,B,Loss,-4,None,No,SMB1
12,210,2913,B,Loss,-12,Like,No,SM3DW
12,211,2895,B,Loss,-18,Like,No,NSMBU
12,212,2878,B,Loss,-17,Boo,No,NSMBU
12,213,2862,B,Loss,-16,Like,No,NSMBU
12,214,2925,B,Win,63,Boo,No,SMW
12,215,2984,B,Win,59,Boo,No,SMW
12,216,2970,B,Loss,-14,None,Yes,SM3DW
12,217,2950,B,Loss,-20,Boo,No,NSMBU
12,218,2950,B,Draw,0,Boo,No,NSMBU
12,219,2933,B,Loss,-17,Like,No,SM3DW
12,220,2919,B,Loss,-14,Like,Yes,NSMBU
12,221,2898,B,Loss,-21,Boo,No,SM3DW
12,222,2894,B,Loss,-4,Meh,No,SM3DW
12,223,2890,B,Loss,-4,Boo,No,SMB1
12,224,2958,B,Win,68,Meh,No,NSMBU
12,225,2942,B,Loss,-16,Like,No,NSMBU
12,226,2925,B,Loss,-17,Boo,No,NSMBU
12,227,2907,B,Loss,-18,Boo,No,SMW
13,228,2984,B,Win,77,Boo,No,SM3D
13,229,2965,B,Loss,-19,Boo,No,SMW
13,230,2962,B,Loss,-3,Unknown,No,SMB1
13,231,2946,B,Loss,-16,None,Yes,SMB1
13,232,2929,B,Loss,-17,Like,No,NSMBU
13,233,2929,B,Draw,0,Unknown,No,SM3DW
13,234,2911,B,Loss,-18,Unknown,No,SMW
13,235,2893,B,Loss,-18,Like,No,SMB3
13,236,2878,B,Loss,-15,Unknown,No,SMW
13,237,2862,B,Loss,-16,Boo,No,SM3DW
13,238,2848,B,Loss,-14,Meh,No,SM3DW
13,239,2914,B,Win,66,Like,Yes,SM3DW
13,240,2911,B,Loss,-3,Boo,Yes,SM3DW
13,241,2895,B,Loss,-16,Like,No,NSMBU
13,242,2953,B,Win,58,Like,Yes,SMB1
13,243,2933,B,Loss,-20,Like,No,NSMBU
13,244,2915,B,Loss,-18,Unknown,No,NSMBU
13,245,2898,B,Loss,-17,Like,No,NSMBU
13,246,2896,B,Loss,-2,Like,Yes,SMB1
13,247,2892,B,Loss,-4,Unknown,No,SM3DW
13,248,2876,B,Loss,-16,Like,No,NSMBU
13,249,2858,B,Loss,-18,Unknown,No,SM3DW
13,250,2841,B,Loss,-17,Boo,No,NSMBU
13,251,2838,B,Loss,-3,Unknown,No,NSMBU
13,252,2825,B,Loss,-13,Unknown,No,SMB1
13,253,2825,B,Draw,0,Unknown,No,SMB1
13,254,2811,B,Loss,-14,Like,No,SMB3
13,255,2794,B,Loss,-17,Like,No,SM3DW
14,256,2847,B,Win,53,Unknown,No,SM3D
14,257,2838,B,Loss,-9,Unknown,No,SMW
14,258,2822,B,Loss,-16,None,No,SMB3
14,259,2818,B,Loss,-4,Unknown,No,SM3DW
14,260,2802,B,Loss,-16,Unknown,No,SM3DW
14,261,2789,B,Loss,-13,Unknown,No,SM3DW
14,262,2786,B,Loss,-3,Unknown,No,NSMBU
14,263,2771,B,Loss,-15,Unknown,No,SMW
14,264,2754,B,Loss,-17,Unknown,No,SM3DW
14,265,2818,B,Win,64,Like,No,NSMBU
14,266,2798,B,Loss,-20,Boo,Yes,SMW
14,267,2786,B,Loss,-12,Unknown,No,NSMBU
14,268,2768,B,Loss,-18,Unknown,No,NSMBU
14,269,2766,B,Loss,-2,Unknown,No,SM3DW
14,270,2753,B,Loss,-13,None,Yes,NSMBU
14,271,2732,B,Loss,-21,Unknown,Yes,NSMBU
14,272,2711,B,Loss,-21,Boo,No,NSMBU
14,273,2772,B,Win,61,Like,No,SMB1
14,274,2768,B,Loss,-4,Unknown,No,SMB1
14,275,2836,B,Win,69,Like,No,NSMBU
14,276,2820,B,Loss,-16,Boo,No,SMB1
14,277,2886,B,Win,66,Unknown,No,NSMBU
14,278,2882,B,Loss,-4,Unknown,No,SM3DW
14,279,2861,B,Loss,-21,Like,No,NSMBU
14,280,2845,B,Loss,-16,Unknown,No,SM3DW
14,281,2842,B,Loss,-3,Unknown,No,SMB1
14,282,2842,B,Draw,0,Unknown,No,NSMBU
14,283,2825,B,Loss,-17,Unknown,No,NSMBU
14,284,2806,B,Loss,-19,Meh,No,SM3DW
14,285,2866,B,Win,60,Like,No,NSMBU
14,286,2847,B,Loss,-19,Boo,No,NSMBU
14,287,2900,B,Win,53,Unknown,No,SMB1
14,288,2953,B,Win,53,Boo,No,NSMBU
14,289,3003,A,Win,50,Unknown,No,SM3DW
14,290,3049,A,Win,46,Unknown,No,SM3DW
14,291,3035,A,Loss,-14,Unknown,No,SM3DW
14,292,3024,A,Loss,-11,Meh,No,SMW
15,293,3013,A,Loss,-11,Boo,No,SM3D
15,294,2999,B,Loss,-14,Like,Yes,SMW
15,295,2982,B,Loss,-17,Like,No,SM3DW
15,296,2965,B,Loss,-17,Unknown,No,NSMBU
15,297,2951,B,Loss,-14,Unknown,No,SMW
15,298,2933,B,Loss,-18,Boo,No,SMB3
15,299,2931,B,Loss,-2,Unknown,No,SM3DW
15,300,2997,B,Win,66,Unknown,Yes,SMW
15,301,2994,B,Loss,-3,Boo,No,SM3DW
15,302,2968,B,Loss,-26,None,No,SMB3
15,303,2951,B,Loss,-17,Like,No,NSMBU
15,304,2934,B,Loss,-17,Boo,No,SMB3
15,305,2931,B,Loss,-3,Boo,No,SMB1
15,306,2911,B,Loss,-20,Unknown,No,SMW
15,307,2968,B,Win,57,Unknown,No,NSMBU
15,308,2964,B,Loss,-4,Unknown,No,SM3DW
15,309,2950,B,Loss,-14,Unknown,No,SM3DW
15,310,2933,B,Loss,-17,Boo,No,SMW
15,311,2918,B,Loss,-15,Meh,No,NSMBU
15,312,2970,B,Win,52,None,No,NSMBU
16,313,3032,A,Win,62,Like,No,SMB
16,314,3029,A,Loss,-3,Like,No,NSMBU
16,315,3016,A,Loss,-13,Unknown,No,NSMBU
16,316,3005,A,Loss,-11,Unknown,No,SM3DW
16,317,2992,B,Loss,-13,Unknown,No,NSMBU
16,318,2975,B,Loss,-17,Boo,No,SMW
16,319,2961,B,Loss,-14,Meh,No,SM3DW
16,320,2958,B,Loss,-3,Boo,No,NSMBU
16,321,2939,B,Loss,-20,Boo,No,SMW
16,322,2919,B,Loss,-19,Boo,No,NSMBU
16,323,2905,B,Loss,-14,Meh,No,SMB3
16,324,2885,B,Loss,-20,Unknown,No,NSMBU
16,325,2869,B,Loss,-16,Unknown,No,SM3DW
16,326,2935,B,Win,66,Like,No,SM3DW
16,327,2921,B,Loss,-14,Meh,No,NSMBU
16,328,2903,B,Loss,-18,Like,No,SM3DW
16,329,2965,B,Win,62,Like,No,SM3DW
16,330,2944,B,Loss,-21,Boo,No,SMW
16,331,2928,B,Loss,-16,Unknown,No,SMB1
16,332,2928,B,Draw,0,Unknown,Unknown,Unknown
16,333,2928,B,Draw,0,Unknown,Unknown,Unknown
16,334,2986,B,Win,58,Boo,No,SM3DW
17,335,2968,B,Loss,-18,Boo,No,NSMB
17,336,2947,B,Loss,-21,Unknown,No,SMW
17,337,2933,B,Loss,-14,Meh,No,SM3DW
17,338,2915,B,Loss,-18,Boo,No,SMB3
17,339,2898,B,Loss,-17,Boo,No,SMB1
17,340,2883,B,Loss,-15,Unknown,No,SMB1
17,341,2881,B,Loss,-2,Boo,Yes,SM3DW
17,342,2878,B,Loss,-3,Unknown,No,NSMBU
17,343,2863,B,Loss,-15,Boo,No,NSMBU
17,344,2844,B,Loss,-19,Unknown,Yes,SMB1
17,345,2896,B,Win,52,Boo,No,SM3DW
17,346,2880,B,Loss,-16,Boo,No,NSMBU
17,347,2948,B,Win,68,Boo,No,SM3DW
17,348,2932,B,Loss,-16,Unknown,Yes,NSMBU
17,349,2912,B,Loss,-20,Boo,No,SMB3
17,350,2892,B,Loss,-20,Unknown,No,SMB1
17,351,2879,B,Loss,-13,Like,Yes,NSMBU
17,352,2863,B,Loss,-16,Boo,No,SMB1
17,353,2844,B,Loss,-19,Boo,No,SMW
17,354,2832,B,Loss,-12,Like,No,SMB1
17,355,2897,B,Win,65,Like,No,NSMBU
18,356,2949,B,Win,52,Unknown,Yes,NSMB
18,357,2949,B,Draw,0,Boo,No,SM3DW
18,358,3012,A,Win,63,Unknown,No,NSMBU
18,359,3064,A,Win,52,Meh,No,SM3DW
18,360,3109,A,Win,45,Boo,No,NSMBU
18,361,3096,A,Loss,-13,None,Yes,SMB1
18,362,3081,A,Loss,-15,Unknown,No,SMB3
18,363,3067,A,Loss,-14,Unknown,No,NSMBU
18,364,3053,A,Loss,-14,None,Yes,SMW
18,365,3097,A,Win,44,Like,No,NSMBU
18,366,3151,A,Win,54,Like,No,SMB3
18,367,3197,A,Win,46,Boo,Yes,SMB1
18,368,3235,A,Win,38,Meh,No,SMW
18,369,3218,A,Loss,-17,Unknown,No,NSMBU
18,370,3266,A,Win,48,Meh,No,SMB1
18,371,3316,A,Win,50,Like,No,SMW
18,372,3313,A,Loss,-3,Like,No,NSMBU
19,373,3363,A,Win,50,Like,No,SMB
19,374,3351,A,Loss,-12,Boo,No,SMW
19,375,3333,A,Loss,-18,Boo,No,NSMBU
19,376,3319,A,Loss,-14,Unknown,No,SMB3
19,377,3305,A,Loss,-14,Like,No,SMB1
19,378,3292,A,Loss,-13,Like,No,SMW
19,379,3277,A,Loss,-15,Boo,No,SMB1
19,380,3266,A,Loss,-11,Unknown,No,NSMBU
19,381,3311,A,Win,45,Unknown,No,SM3DW
19,382,3309,A,Loss,-2,Unknown,No,NSMBU
19,383,3293,A,Loss,-16,None,Yes,SMB1
19,384,3290,A,Loss,-3,Boo,No,SMB1
19,385,3274,A,Loss,-16,Unknown,No,NSMBU
19,386,3321,A,Win,47,Like,No,SMB3
19,387,3308,A,Loss,-13,Boo,No,SMB3
19,388,3352,A,Win,44,Unknown,No,NSMBU
19,389,3392,A,Win,40,Boo,No,NSMBU
19,390,3376,A,Loss,-16,Unknown,No,NSMBU
19,391,3419,A,Win,43,Like,No,NSMBU
20,392,3405,A,Loss,-14,Unknown,Unknown,Unknown
20,393,3447,A,Win,42,Like,No,SMW
20,394,3431,A,Loss,-16,Like,No,SMB3
20,395,3428,A,Loss,-3,Unknown,No,SM3DW
20,396,3416,A,Loss,-12,Like,No,SMW
20,397,3414,A,Loss,-2,Meh,No,SMB1
20,398,3397,A,Loss,-17,Like,No,SMB3
20,399,3441,A,Win,44,Like,Yes,NSMBU
20,400,3429,A,Loss,-12,Unknown,No,SMW
20,401,3477,A,Win,48,Like,Yes,NSMBU
20,402,3462,A,Loss,-15,Unknown,No,SM3DW
20,403,3446,A,Loss,-16,Boo,No,NSMBU
20,404,3444,A,Loss,-2,Like,No,NSMBU
20,405,3429,A,Loss,-15,Like,No,NSMBU
20,406,3414,A,Loss,-15,Unknown,No,SMB1
20,407,3400,A,Loss,-14,Boo,No,SMB3
20,408,3389,A,Loss,-11,Unknown,No,SM3DW
20,409,3389,A,Draw,0,Boo,No,SMW
20,410,3433,A,Win,44,Like,Yes,SMB3
20,411,3433,A,Draw,0,Boo,No,NSMBU
20,412,3419,A,Loss,-14,Unknown,No,SMW
20,413,3401,A,Loss,-18,Like,Yes,SMB1
20,414,3385,A,Loss,-16,Boo,No,SMW
20,415,3382,A,Loss,-3,Unknown,No,SMB1
20,416,3379,A,Loss,-3,Unknown,No,SM3DW
20,417,3366,A,Loss,-16,Unknown,No,SMB3
20,418,3348,A,Loss,-15,Like,No,SM3DW
20,419,3334,A,Loss,-14,Boo,No,NSMBU
20,420,3318,A,Loss,-16,Like,No,NSMBU
20,421,3306,A,Loss,-12,Like,No,SMB1
21,422,3350,A,Win,44,Like,No,SMB
21,423,3334,A,Loss,-16,Meh,No,SMW
21,424,3318,A,Loss,-16,Meh,No,NSMBU
21,425,3302,A,Loss,-16,Unknown,No,NSMBU
21,426,3290,A,Loss,-12,Like,No,SM3DW
21,427,3277,A,Loss,-13,Like,No,SM3DW
21,428,3323,A,Win,46,Like,No,NSMBU
21,429,3308,A,Loss,-15,Boo,No,SM3DW
21,430,3291,A,Loss,-17,Boo,No,SM3DW
21,431,3274,A,Loss,-17,Like,No,SMW
21,432,3260,A,Loss,-14,None,Yes,SMB1
21,433,3247,A,Loss,-13,Unknown,Yes,NSMBU
21,434,3280,A,Win,33,Meh,No,SM3DW
21,435,3268,A,Loss,-12,Boo,No,SM3DW
21,436,3252,A,Loss,-16,Unknown,No,SMW
21,437,3296,A,Win,44,Unknown,No,SMB3
21,438,3281,A,Loss,-15,Unknown,No,NSMBU
21,439,3278,A,Loss,-3,Like,No,NSMBU
21,440,3327,A,Win,49,Like,No,NSMBU
21,441,3380,A,Win,53,Like,No,SM3DW
21,442,3369,A,Loss,-11,Unknown,No,SMB1
21,443,3421,A,Win,52,Like,No,SMB3
21,444,3408,A,Loss,-13,Like,No,SMB1
21,445,3406,A,Loss,-2,Unknown,No,SM3DW
21,446,3403,A,Loss,-3,Meh,Yes,SM3DW
21,447,3388,A,Loss,-15,Unknown,No,NSMBU
21,448,3375,A,Loss,-13,Unknown,No,NSMBU
21,449,3359,A,Loss,-16,Boo,No,SMW
21,450,3401,A,Win,42,Like,No,NSMBU
21,451,3398,A,Loss,-3,Boo,No,NSMBU
21,452,3382,A,Loss,-16,Unknown,No,SMB3
21,453,3436,A,Win,54,Like,No,SMB1
21,454,3433,A,Loss,-3,Like,No,NSMBU
21,455,3431,A,Loss,-2,Unknown,No,SM3DW
21,456,3413,A,Loss,-18,Boo,No,SMW
21,457,3398,A,Loss,-15,Like,No,NSMBU
21,458,3384,A,Loss,-14,Boo,No,SMW
21,459,3435,A,Win,51,Like,Yes,SMB1
21,460,3418,A,Loss,-17,Unknown,No,SM3DW
21,461,3404,A,Loss,-14,Like,No,NSMBU
21,462,3402,A,Loss,-2,Unknown,No,SM3DW
21,463,3399,A,Loss,-3,Like,No,NSMBU
21,464,3439,A,Win,40,Boo,No,SMB1
22,465,3428,A,Loss,-11,Like,Yes,SMW
22,466,3415,A,Loss,-13,Unknown,No,SM3DW
22,467,3405,A,Loss,-10,Unknown,No,NSMBU
22,468,3451,A,Win,46,Like,Yes,SMB1
22,469,3448,A,Loss,-3,Boo,No,SM3DW
22,470,3432,A,Loss,-16,Boo,No,SMB1
22,471,3480,A,Win,48,Like,No,SM3DW
22,472,3465,A,Loss,-15,Unknown,No,NSMBU
22,473,3462,A,Loss,-3,Unknown,No,NSMBU
22,474,3459,A,Loss,-3,Boo,No,SM3DW
22,475,3456,A,Loss,-3,Boo,No,SMB1
22,476,3439,A,Loss,-17,Boo,No,SMB1
22,477,3422,A,Loss,-17,Unknown,Yes,SMB1
22,478,3414,A,Loss,-8,Unknown,No,SM3DW
22,479,3459,A,Win,45,Unknown,No,SMB3
22,480,3442,A,Loss,-17,Unknown,No,SMB1
22,481,3439,A,Loss,-3,Unknown,No,NSMBU
22,482,3424,A,Loss,-15,Unknown,Yes,SMB1
22,483,3408,A,Loss,-16,Unknown,No,SMB1
22,484,3405,A,Loss,-3,Boo,No,SMB1
22,485,3387,A,Loss,-18,Boo,No,SMW
22,486,3385,A,Loss,-2,Unknown,No,SMB1
22,487,3367,A,Loss,-18,Unknown,No,SM3DW
22,488,3349,A,Loss,-18,Boo,No,NSMBU
22,489,3349,A,Draw,0,Unknown,No,NSMBU
22,490,3392,A,Win,43,Unknown,No,SM3DW
22,491,3376,A,Loss,-16,Boo,No,SM3DW
22,492,3430,A,Win,54,Boo,No,SM3DW
23,493,3467,A,Win,37,Like,No,SMB
23,494,3450,A,Loss,-17,Boo,No,NSMBU
23,495,3431,A,Loss,-19,Unknown,No,SMW
23,496,3416,A,Loss,-15,Unknown,No,NSMBU
23,497,3457,A,Win,41,Like,Yes,SMW
23,498,3446,A,Loss,-11,Boo,No,SMW
23,499,3428,A,Loss,-18,Unknown,No,NSMBU
23,500,3478,A,Win,50,Boo,No,NSMBU
23,501,3475,A,Loss,-3,Unknown,Yes,SMB1
23,502,3526,A,Win,51,Like,Yes,SMW
23,503,3578,A,Win,52,Meh,No,SMB1
23,504,3567,A,Loss,-11,Boo,No,SM3DW
23,505,3564,A,Loss,-3,Meh,No,NSMBU
23,506,3561,A,Loss,-3,Unknown,Yes,SMB1
23,507,3550,A,Loss,-11,Boo,No,NSMBU
23,508,3531,A,Loss,-19,Unknown,No,NSMBU
23,509,3521,A,Loss,-10,Unknown,No,NSMBU
23,510,3507,A,Loss,-14,Boo,No,SMW
23,511,3556,A,Win,49,Like,Yes,SMB1
24,512,3553,A,Loss,-3,Like,Yes,SMB
24,513,3550,A,Loss,-3,Boo,No,SMB1
24,514,3587,A,Win,37,Like,No,NSMBU
24,515,3574,A,Loss,-13,Like,No,SM3DW
24,516,3559,A,Loss,-15,Unknown,No,SMB3
24,517,3556,A,Loss,-3,Unknown,No,SM3DW
24,518,3602,A,Win,46,Boo,No,NSMBU
24,519,3590,A,Loss,-12,Like,No,SM3DW
24,520,3574,A,Loss,-16,Boo,No,SMB1
24,521,3572,A,Loss,-2,Boo,No,SMB1
24,522,3555,A,Loss,-17,Like,Yes,SMW
24,523,3539,A,Loss,-16,Unknown,Yes,SMB1
24,524,3529,A,Loss,-10,Unknown,No,SMB1
24,525,3513,A,Loss,-16,Unknown,No,SM3DW
24,526,3501,A,Loss,-12,Unknown,No,SMW
24,527,3486,A,Loss,-15,Boo,No,NSMBU
24,528,3467,A,Loss,-19,Boo,No,SMB1
24,529,3456,A,Loss,-11,Unknown,No,SMB3
24,530,3444,A,Loss,-12,Boo,No,SMW
24,531,3432,A,Loss,-12,Unknown,No,SMW
24,532,3468,A,Win,36,Unknown,No,SM3DW
24,533,3456,A,Loss,-12,Boo,No,SMB1
24,534,3502,A,Win,46,Unknown,No,NSMBU
24,535,3543,A,Win,41,Like,Yes,SMB1
24,536,3540,A,Loss,-3,Boo,No,NSMBU
24,537,3523,A,Loss,-17,Unknown,No,SM3DW
24,538,3521,A,Loss,-2,Boo,No,SM3DW
24,539,3505,A,Loss,-16,Unknown,No,SMW
24,540,3494,A,Loss,-11,Like,Yes,SMB1
24,541,3478,A,Loss,-16,Unknown,Yes,NSMBU
24,542,3525,A,Win,47,Like,Yes,SMB1
25,543,3559,A,Win,34,Boo,No,SM3D
25,544,3543,A,Loss,-16,Meh,Yes,NSMBU
25,545,3561,A,Win,18,Like,No,NSMBU
25,546,3543,A,Loss,-18,Unknown,No,SMW
25,547,3591,A,Win,48,Like,Yes,SM3DW
25,548,3578,A,Loss,-13,Like,Yes,SM3DW
25,549,3629,A,Win,51,Meh,No,SMB3
25,550,3622,A,Loss,-7,Unknown,No,SMW
25,551,3604,A,Loss,-18,Unknown,No,SMB1
25,552,3588,A,Loss,-16,Meh,No,NSMBU
25,553,3573,A,Loss,-15,Boo,No,NSMBU
25,554,3561,A,Loss,-12,Unknown,Yes,SMB1
25,555,3547,A,Loss,-14,Unknown,No,NSMBU
25,556,3544,A,Loss,-3,Boo,No,SMB1
25,557,3527,A,Loss,-17,Boo,No,NSMBU
25,558,3523,A,Loss,-4,Meh,No,NSMBU
25,559,3510,A,Loss,-13,Unknown,No,SMW
25,560,3500,A,Loss,-10,Unknown,No,NSMBU
25,561,3496,A,Loss,-4,Boo,No,NSMBU
25,562,3481,A,Loss,-15,Unknown,No,SMB1
25,563,3469,A,Loss,-12,Unknown,No,NSMBU
25,564,3466,A,Loss,-3,Like,Yes,NSMBU
25,565,3502,A,Win,36,Unknown,Yes,NSMBU
25,566,3487,A,Loss,-15,Unknown,No,SMW
25,567,3530,A,Win,43,Unknown,No,NSMBU
25,568,3513,A,Loss,-17,Like,Yes,SMB1
25,569,3502,A,Loss,-11,Boo,No,NSMBU
25,570,3489,A,Loss,-13,Unknown,No,SMW
25,571,3473,A,Loss,-16,Like,No,NSMBU
25,572,3457,A,Loss,-16,Unknown,No,SMB3
25,573,3454,A,Loss,-3,Like,Yes,SMB1
25,574,3504,A,Win,50,Unknown,No,SM3DW
26,575,3493,A,Loss,-11,Like,No,SM3D
26,576,3476,A,Loss,-17,Meh,No,SM3DW
26,577,3462,A,Loss,-14,Unknown,No,SMW
26,578,3446,A,Loss,-16,Boo,No,NSMBU
26,579,3435,A,Loss,-11,Unknown,No,NSMBU
26,580,3417,A,Loss,-18,Unknown,No,SMB1
26,581,3459,A,Win,42,Like,No,NSMBU
26,582,3457,A,Loss,-2,Unknown,No,SM3DW
26,583,3446,A,Loss,-11,Unknown,No,NSMBU
26,584,3494,A,Win,48,Boo,No,SMW
26,585,3478,A,Loss,-16,Boo,No,SM3DW
26,586,3459,A,Loss,-19,Like,No,SMB3
26,587,3441,A,Loss,-18,Unknown,No,SM3DW
26,588,3488,A,Win,47,Unknown,No,SMB1
26,589,3476,A,Loss,-12,Unknown,No,NSMBU
26,590,3473,A,Loss,-3,Unknown,No,NSMBU
26,591,3455,A,Loss,-18,Unknown,No,SMB1
26,592,3452,A,Loss,-3,Boo,No,SMB1
26,593,3450,A,Loss,-2,Unknown,No,SMB1
26,594,3478,A,Win,28,Unknown,No,SMB1
26,595,3478,A,Draw,0,Boo,No,SMB1
27,596,3462,A,Loss,-16,Like,Yes,SM3D
27,597,3462,A,Draw,0,Unknown,No,SMW
27,598,3447,A,Loss,-15,Meh,No,NSMBU
27,599,3437,A,Loss,-10,Boo,No,SMW
27,600,3483,A,Win,46,Boo,No,SM3DW
27,601,3465,A,Loss,-18,Unknown,No,SMB1
27,602,3450,A,Loss,-15,Meh,Yes,SMB1
27,603,3435,A,Loss,-15,Unknown,No,SMB1
27,604,3419,A,Loss,-16,Unknown,No,SMW
27,605,3404,A,Loss,-15,Unknown,No,SMW
27,606,3401,A,Loss,-3,Unknown,No,SMB1
27,607,3386,A,Loss,-15,Boo,No,SM3DW
27,608,3369,A,Loss,-17,Unknown,No,SMB3
27,609,3408,A,Win,39,Like,Yes,SMB1
27,610,3405,A,Loss,-3,Boo,No,SMB1
27,611,3402,A,Loss,-3,Unknown,No,NSMBU
27,612,3446,A,Win,44,Boo,No,SM3DW
27,613,3443,A,Loss,-3,Unknown,No,SM3DW
27,614,3423,A,Loss,-20,Unknown,No,SM3DW
27,615,3460,A,Win,37,Unknown,No,SM3DW
27,616,3498,A,Win,38,Like,No,SMB3
27,617,3540,A,Win,42,Like,No,NSMBU
27,618,3527,A,Loss,-13,Like,No,NSMBU
28,619,3516,A,Loss,-11,Unknown,No,SMB
28,620,3501,A,Loss,-15,Like,No,SMB1
28,621,3489,A,Loss,-12,Like,No,SMB3
28,622,3476,A,Loss,-13,Like,No,SM3DW
28,623,3465,A,Loss,-11,Unknown,No,SM3DW
28,624,3504,A,Win,39,Like,No,SM3DW
28,625,3501,A,Loss,-3,Like,Yes,NSMBU
28,626,3485,A,Loss,-16,Boo,No,SMW
28,627,3518,A,Win,33,Like,Yes,SMW
28,628,3500,A,Loss,-18,Unknown,No,SM3DW
28,629,3551,A,Win,51,Like,No,NSMBU
28,630,3599,A,Win,48,Boo,No,NSMBU
28,631,3636,A,Win,37,Boo,No,NSMBU
28,632,3623,A,Loss,-13,Unknown,Yes,SMB1
28,633,3663,A,Win,40,Like,No,SM3DW
28,634,3651,A,Loss,-12,Unknown,No,SMB1
28,635,3685,A,Win,34,Unknown,No,NSMBU
28,636,3671,A,Loss,-14,Unknown,No,SMB1
28,637,3709,A,Win,38,Like,No,SM3DW
28,638,3705,A,Loss,-4,Like,Yes,SMB1
29,639,3687,A,Loss,-18,Boo,No,NSMB
29,640,3667,A,Loss,-20,Unknown,Yes,NSMBU
29,641,3650,A,Loss,-17,Boo,No,SM3DW
29,642,3689,A,Win,39,Unknown,No,SMW
29,643,3671,A,Loss,-18,Unknown,No,SMB3
29,644,3710,A,Win,39,Like,No,SMB3
29,645,3750,A,Win,40,Like,Yes,SMB1
29,646,3732,A,Loss,-18,Boo,No,SM3DW
29,647,3719,A,Loss,-13,Unknown,No,NSMBU
29,648,3703,A,Loss,-16,None,No,NSMBU
29,649,3687,A,Loss,-16,Unknown,No,SMB3
29,650,3671,A,Loss,-16,Unknown,No,SMW
29,651,3723,A,Win,52,Like,Yes,SMB1
29,652,3711,A,Loss,-12,Unknown,No,NSMBU
29,653,3707,A,Loss,-4,Meh,No,NSMBU
29,654,3694,A,Loss,-13,Unknown,No,NSMBU
29,655,3682,A,Loss,-12,Unknown,No,SMW
29,656,3669,A,Loss,-13,Unknown,No,SMW
29,657,3654,A,Loss,-15,Unknown,No,NSMBU
29,658,3651,A,Loss,-3,Unknown,No,SMB1
29,659,3638,A,Loss,-13,Unknown,No,SMW
29,660,3629,A,Loss,-9,Unknown,No,SMB1
29,661,3617,A,Loss,-12,Unknown,No,NSMBU
29,662,3602,A,Loss,-15,Unknown,No,SMW
29,663,3599,A,Loss,-3,Boo,No,SMB1
29,664,3596,A,Loss,-3,Unknown,No,NSMBU
29,665,3580,A,Loss,-16,Unknown,Yes,NSMBU
29,666,3551,A,Loss,-29,None,No,SM3DW
29,667,3540,A,Loss,-11,Unknown,No,SM3DW
29,668,3538,A,Loss,-2,Unknown,No,NSMBU
29,669,3525,A,Loss,-13,Meh,No,SMW
29,670,3562,A,Win,37,Unknown,No,SMW
29,671,3559,A,Loss,-3,Boo,No,SM3DW
29,672,3547,A,Loss,-12,Boo,No,NSMBU
29,673,3534,A,Loss,-13,Unknown,No,NSMBU
29,674,3576,A,Win,42,Unknown,No,SM3DW
29,675,3559,A,Loss,-17,Like,Yes,SMW
29,676,3548,A,Loss,-11,Unknown,No,SMB1
29,677,3532,A,Loss,-16,Like,No,SMB3
29,678,3572,A,Win,40,Unknown,No,SMB3
29,679,3554,A,Loss,-18,Unknown,No,SMW
29,680,3538,A,Loss,-16,Like,No,SM3DW
29,681,3525,A,Loss,-13,Unknown,No,NSMBU
29,682,3523,A,Loss,-2,Like,Yes,SM3DW
29,683,3520,A,Loss,-3,Like,No,SM3DW
29,684,3508,A,Loss,-12,Unknown,No,SMW
29,685,3505,A,Loss,-3,Unknown,Yes,SMB1
29,686,3491,A,Loss,-14,Unknown,No,SMW
29,687,3531,A,Win,40,Like,No,SMW
30,688,3518,A,Loss,-13,Like,Yes,SMB
30,689,3506,A,Loss,-12,Like,Yes,SMB1
30,690,3551,A,Loss,45,Like,No,SM3DW
30,691,3536,A,Loss,-15,Boo,No,SMW
30,692,3520,A,Loss,-16,Like,No,SM3DW
30,693,3564,A,Win,44,Unknown,Yes,SMW
30,694,3612,A,Win,48,Unknown,No,SMB3
30,695,3606,A,Loss,-6,Boo,No,SMB1
30,696,3603,A,Loss,-3,None,No,NSMBU
30,697,3586,A,Loss,-17,Boo,No,SMB1
30,698,3629,A,Win,43,Like,No,SM3DW
30,699,3675,A,Win,46,Like,No,NSMBU
30,700,3672,A,Loss,-3,Boo,No,SM3DW
30,701,3660,A,Loss,-12,Unknown,No,SMB1
30,702,3647,A,Loss,-13,Unknown,No,SMW
30,703,3634,A,Loss,-13,Unknown,No,NSMBU
30,704,3631,A,Loss,-3,Unknown,No,SM3DW
30,705,3617,A,Loss,-14,LIke,No,SMB1
30,706,3603,A,Loss,-14,Meh,No,SM3DW
30,707,3653,A,Win,50,Boo,No,SM3DW
30,708,3638,A,Loss,-15,Like,No,NSMBU
30,709,3624,A,Loss,-14,Like,No,SM3DW
30,710,3608,A,Loss,-16,Boo,No,NSMBU
30,711,3604,A,Loss,-4,Like,No,NSMBU
30,712,3589,A,Loss,-15,Unknown,No,NSMBU
30,713,3587,A,Loss,-2,Unknown,Yes,SM3DW
30,714,3584,A,Loss,-3,Unknown,No,SMB1
30,715,3567,A,Loss,-17,Unknown,No,SM3DW
30,716,3560,A,Loss,-7,Unknown,Yes,SMB1
30,717,3610,A,Win,50,Boo,No,SM3DW
30,718,3606,A,Loss,-4,Like,Yes,SM3DW
31,719,3653,A,Win,47,Boo,No,SMB
31,720,3643,A,Loss,-10,Like,Yes,NSMBU
31,721,3629,A,Loss,-14,Unknown,No,SMB1
31,722,3675,A,Win,46,Unknown,No,SM3DW
31,723,3659,A,Loss,-16,Meh,No,SM3DW
31,724,3641,A,Loss,-18,Like,No,NSMBU
31,725,3682,A,Win,41,Like,No,SM3DW
31,726,3667,A,Loss,-15,Meh,No,SM3DW
31,727,3664,A,Loss,-3,Boo,No,SMB1
31,728,3706,A,Win,42,Boo,No,SM3DW
31,729,3689,A,Loss,-17,Like,Yes,NSMBU
31,730,3673,A,Loss,-16,Like,No,NSMBU
31,731,3727,A,Win,54,Boo,No,SMB1
31,732,3711,A,Loss,-16,Unknown,No,SMB3
31,733,3746,A,Win,35,Unknown,No,SM3DW
31,734,3788,A,Win,42,Like,No,SMW
31,735,3772,A,Loss,-16,Like,No,SM3DW
31,736,3756,A,Loss,-16,Unknown,No,NSMBU
31,737,3791,A,Win,35,Boo,No,NSMBU
31,738,3778,A,Loss,-13,Boo,No,NSMBU
31,739,3765,A,Loss,-13,Like,Yes,SMW
31,740,3806,A,Win,41,Like,No,NSMBU
31,741,3793,A,Loss,-13,Like,No,NSMBU
31,742,3775,A,Loss,-18,Unknown,No,NSMBU
31,743,3760,A,Loss,-15,Unknown,No,SMW
31,744,3745,A,Loss,-15,Unknown,No,SMB3
31,745,3729,A,Loss,-16,Unknown,Yes,SM3DW
31,746,3715,A,Loss,-14,Unknown,No,SMB3
31,747,3712,A,Loss,-3,Boo,No,SMB1
32,748,3699,A,Loss,-13,Like,No,SM3D
32,749,3697,A,Loss,-2,Like,Yes,SMB1
32,750,3736,A,Win,39,Unknown,No,SMW
32,751,3734,A,Loss,-2,Unknown,No,SM3DW
32,752,3717,A,Loss,-17,Boo,No,SMB1
32,753,3761,A,Win,44,Like,No,SM3DW
32,754,3758,A,Loss,-3,Unknown,No,NSMBU
32,755,3744,A,Loss,-14,Like,Yes,SM3DW
32,756,3730,A,Loss,-14,Boo,No,SM3DW
32,757,3719,A,Loss,-11,Like,Yes,SMW
32,758,3716,A,Loss,-3,Like,Yes,NSMBU
32,759,3699,A,Loss,-17,Unknown,No,NSMBU
32,760,3683,A,Loss,-16,Unknown,No,SMB1
32,761,3668,A,Loss,-15,Like,Yes,SMW
32,762,3653,A,Loss,-15,Unknown,No,SMW
32,763,3692,A,Win,39,Unknown,No,SMB3
32,764,3676,A,Loss,-16,Unknown,No,NSMBU
32,765,3717,A,Win,41,Unknown,No,SMB3
32,766,3707,A,Loss,-10,Unknown,No,SM3DW
32,767,3693,A,Loss,-14,Unknown,No,SM3DW
32,768,3680,A,Loss,-13,Unknown,No,NSMBU
32,769,3676,A,Loss,-4,Unknown,No,SM3DW
32,770,3660,A,Loss,-16,Unknown,No,NSMBU
32,771,3643,A,Loss,-17,Unknown,No,SM3DW
32,772,3681,A,Win,38,Unknown,No,SM3DW
32,773,3665,A,Loss,-16,Unknown,No,NSMBU
32,774,3662,A,Loss,-3,Unknown,Yes,SMB1
32,775,3646,A,Loss,-16,Unknown,No,NSMBU
32,776,3630,A,Loss,-16,Like,No,SMB1
32,777,3671,A,Win,41,Like,No,SMW
33,778,3659,A,Loss,-12,Boo,No,NSMB
33,779,3697,A,Win,38,Like,No,NSMBU
33,780,3691,A,Loss,-6,Meh,No,SMW
33,781,3676,A,Loss,-15,Meh,No,NSMBU
33,782,3676,A,Draw,0,Boo,No,SMB1
33,783,3664,A,Loss,-12,Like,No,NSMBU
33,784,3650,A,Loss,-14,Boo,Yes,SMB3
33,785,3699,A,Win,49,Like,No,SMW
33,786,3696,A,Loss,-3,Like,Yes,SMB1
33,787,3736,A,Win,40,Unknown,No,SM3DW
33,788,3782,A,Win,46,Like,No,NSMBU
33,789,3829,A,Win,47,Boo,No,NSMBU
33,790,3825,A,Loss,-4,Like,No,NSMBU
33,791,3812,A,Loss,-13,Like,No,NSMBU
33,792,3809,A,Loss,-3,Like,No,SM3DW
34,793,3850,A,Win,41,Unknown,Yes,SM3D
34,794,3834,A,Loss,-16,Like,No,SMB3
34,795,3823,A,Loss,-11,Unknown,No,SMB1
34,796,3823,A,Draw,0,Boo,No,SMW
34,797,3812,A,Loss,-11,Unknown,Yes,SMB1
34,798,3798,A,Loss,-14,Meh,No,NSMBU
34,799,3841,A,Win,43,Like,No,SM3DW
34,800,3837,A,Loss,-4,Like,No,SM3DW
34,801,3824,A,Loss,-13,Like,No,NSMBU
34,802,3809,A,Loss,-15,Boo,No,SMB1
34,803,3793,A,Loss,-16,Unknown,No,SM3DW
34,804,3781,A,Loss,-12,Unknown,No,SMB1
34,805,3764,A,Loss,-17,Like,Yes,NSMBU
34,806,3761,A,Loss,-3,Unknown,No,SM3DW
34,807,3757,A,Loss,-4,Boo,No,SMB1
34,808,3743,A,Loss,-14,Unknown,Yes,NSMBU
34,809,3727,A,Loss,-16,Unknown,No,NSMBU
34,810,3766,A,Win,39,Meh,No,SMB1
34,811,3754,A,Loss,-12,Meh,No,SM3DW
34,812,3739,A,Loss,-15,Unknown,No,SMB3
34,813,3783,A,Win,44,Unknown,Yes,NSMBU
34,814,3780,A,Loss,-3,Meh,No,SM3DW
34,815,3822,A,Win,42,Unknown,Yes,SM3DW
34,816,3806,A,Loss,-16,Unknown,No,NSMBU
34,817,3798,A,Loss,-8,Like,No,SMB1
34,818,3836,A,Win,38,Like,No,SM3DW
34,819,3832,A,Loss,-4,Meh,No,SM3DW
34,820,3821,A,Loss,-11,Like,No,SM3DW
34,821,3810,A,Loss,-11,Like,No,NSMBU
35,822,3792,A,Loss,-18,Unknown,No,SM3D
35,823,3780,A,Loss,-12,Like,No,SMB1
35,824,3763,A,Loss,-17,Boo,No,SMW
35,825,3749,A,Loss,-14,Boo,No,NSMBU
35,826,3795,A,Win,46,None,No,SMB3
35,827,3782,A,Loss,-13,Like,No,SMB1
35,828,3833,A,Win,51,Like,No,NSMBU
35,829,3823,A,Loss,-10,Like,No,SMB1
35,830,3813,A,Loss,-10,Unknown,No,NSMBU
35,831,3800,A,Loss,-13,Unknown,No,SM3DW
35,832,3786,A,Loss,-14,Boo,No,SMB3
35,833,3834,A,Win,48,Like,No,SMW
35,834,3815,A,Loss,-19,Boo,No,SMB1
35,835,3859,A,Win,44,Meh,No,SMB1
35,836,3859,A,Draw,0,Unknown,No,SMB3
35,837,3846,A,Loss,-13,Meh,No,SMW
35,838,3826,A,Loss,-20,Unknown,No,SMB1
35,839,3812,A,Loss,-14,Unknown,Yes,SMB1
35,840,3795,A,Loss,-17,Meh,No,SMW
35,841,3778,A,Loss,-17,Unknown,No,SMW
35,842,3762,A,Loss,-16,Boo,No,NSMBU
35,843,3759,A,Loss,-3,Boo,No,NSMBU
35,844,3748,A,Loss,-11,Like,Yes,NSMBU
35,845,3733,A,Loss,-15,Unknown,No,NSMBU
35,846,3718,A,Loss,-15,Unknown,No,NSMBU
35,847,3765,A,Win,47,Unknown,No,SMB1
35,848,3762,A,Loss,-3,Unknown,No,NSMBU
35,849,3755,A,Loss,-7,Like,No,SMW
35,850,3810,A,Win,55,Boo,No,SMW
35,851,3797,A,Loss,-13,Like,No,SMB3
35,852,3835,A,Win,38,Boo,No,NSMBU
35,853,3824,A,Loss,-11,Unknown,No,SMB3
35,854,3812,A,Loss,-12,Like,No,SM3DW
35,855,3792,A,Loss,-20,Boo,No,SM3DW
35,856,3779,A,Loss,-13,Like,No,SMB1
36,857,3773,A,Loss,-6,Unknown,No,SM3D
36,858,3822,A,Win,49,Like,Yes,SMW
36,859,3818,A,Loss,-4,None,No,SM3DW
36,860,3861,A,Win,43,Like,No,NSMBU
36,861,3858,A,Loss,-3,Boo,No,SM3DW
36,862,3842,A,Loss,-16,None,No,SMW
36,863,3825,A,Loss,-17,Unknown,No,NSMBU
36,864,3822,A,Loss,-3,Boo,No,NSMBU
36,865,3808,A,Loss,-14,Like,Yes,SM3DW
36,866,3854,A,Win,46,Boo,No,SM3DW
36,867,3851,A,Loss,-3,Boo,No,SMB1
36,868,3837,A,Loss,-14,Like,No,SMW
36,869,3826,A,Loss,-11,Unknown,No,SM3DW
36,870,3816,A,Loss,-10,Boo,No,NSMBU
36,871,3805,A,Loss,-11,Unknown,No,SMW
36,872,3789,A,Loss,-16,Unknown,No,NSMBU
36,873,3778,A,Loss,-11,Meh,No,SM3DW
36,874,3762,A,Loss,-16,Unknown,No,SMW
36,875,3807,A,Win,45,Meh,No,SMB3
36,876,3790,A,Loss,-17,Boo,No,SMB1
36,877,3788,A,Loss,-2,Unknown,No,SMB1
36,878,3773,A,Loss,-15,Boo,No,SM3DW
36,879,3769,A,Loss,-4,Like,No,NSMBU
36,880,3817,A,Win,48,Unknown,No,SMB1
36,881,3804,A,Loss,-13,Unknown,No,SM3DW
36,882,3790,A,Loss,-14,Unknown,No,SM3DW
36,883,3776,A,Loss,-14,Like,No,NSMBU
36,884,3758,A,Loss,-18,Unknown,No,SMW
36,885,3755,A,Loss,-3,Like,No,NSMBU
36,886,3742,A,Loss,-13,Like,Yes,SMB1
36,887,3728,A,Loss,-14,Like,Yes,NSMBU
36,888,3776,A,Win,48,Unknown,No,SM3DW
36,889,3762,A,Loss,-14,Like,No,SMW
36,890,3748,A,Loss,-14,Unknown,No,SMB1
36,891,3730,A,Loss,-18,Unknown,No,SM3DW
36,892,3713,A,Loss,-17,Like,No,SM3DW
36,893,3709,A,Loss,-4,Like,No,NSMBU
36,894,3695,A,Loss,-14,Unknown,No,NSMBU
36,895,3687,A,Loss,-8,Boo,No,SMB3
36,896,3734,A,Win,47,Unknown,No,NSMBU
36,897,3768,A,Win,34,Like,No,NSMBU
36,898,3753,A,Loss,-15,Unknown,No,SMB1
36,899,3739,A,Loss,-14,Unknown,Yes,NSMBU
36,900,3784,A,Win,45,Unknown,No,SM3DW
36,901,3770,A,Loss,-14,Unknown,No,NSMBU
36,902,3753,A,Loss,-17,Boo,No,SMW
36,903,3737,A,Loss,-16,Unknown,No,SM3DW
36,904,3722,A,Loss,-15,Unknown,No,SMB1
36,905,3706,A,Loss,-16,Boo,No,SM3DW
36,906,3690,A,Loss,-16,Unknown,No,SMB3
36,907,3673,A,Loss,-17,Unknown,No,SMB3
36,908,3660,A,Loss,-13,Unknown,No,SM3DW
36,909,3691,A,Win,31,Unknown,No,SM3DW
37,910,3678,A,Loss,-13,Meh,No,SMB
37,911,3659,A,Loss,-19,Unknown,Yes,SMB1
37,912,3653,A,Loss,-6,Unknown,Yes,SM3DW
37,913,3689,A,Win,36,Like,No,NSMBU
37,914,3672,A,Loss,-17,Like,No,NSMBU
37,915,3657,A,Loss,-15,Unknown,No,SMB1
37,916,3695,A,Win,38,Unknown,No,NSMBU
37,917,3692,A,Loss,-3,Like,Yes,NSMBU
37,918,3679,A,Loss,-13,Boo,No,NSMBU
37,919,3663,A,Loss,-16,None,No,SM3DW
37,920,3649,A,Loss,-14,Like,No,NSMBU
37,921,3632,A,Loss,-17,Unknown,No,SMW
37,922,3674,A,Win,42,Like,No,SMB1
37,923,3658,A,Loss,-16,Unknown,Yes,SMB1
37,924,3642,A,Loss,-16,Like,No,SM3DW
37,925,3638,A,Loss,-4,Like,No,NSMBU
37,926,3672,A,Win,34,Like,No,NSMBU
37,927,3709,A,Win,37,Like,Yes,SMW
37,928,3693,A,Loss,-16,Unknown,No,SMW
37,929,3736,A,Win,43,Unknown,No,SM3DW
37,930,3776,A,Win,40,None,Yes,SM3DW
37,931,3759,A,Loss,-17,Unknown,No,SMW
37,932,3802,A,Win,43,Meh,No,SM3DW
37,933,3789,A,Loss,-13,Unknown,No,SMB1
37,934,3776,A,Loss,-13,Unknown,No,SMB1
37,935,3763,A,Loss,-13,Unknown,No,SM3DW
37,936,3747,A,Loss,-16,Unknown,No,NSMBU
37,937,3733,A,Loss,-14,Unknown,No,SMB1
37,938,3731,A,Loss,-2,Like,No,NSMBU
37,939,3716,A,Loss,-15,Boo,No,SMB1
37,940,3700,A,Loss,-16,Unknown,Yes,SMB1
37,941,3749,A,Win,49,Meh,No,SMB1
37,942,3747,A,Loss,-2,Unknown,No,NSMBU
37,943,3733,A,Loss,-14,Unknown,No,NSMBU
37,944,3720,A,Loss,-13,Unknown,No,NSMBU
37,945,3702,A,Loss,-18,Unknown,No,SMB1
37,946,3688,A,Loss,-14,Unknown,No,NSMBU
37,947,3670,A,Loss,-18,Unknown,No,SM3DW
37,948,3667,A,Loss,-3,Unknown,Yes,SMB1
37,949,3713,A,Win,46,Unknown,No,SM3DW
37,950,3699,A,Loss,-14,None,No,SMB1